{
  "Kültür" : {
    "transaction" : "Kültür",
    "sampleCount" : 75,
    "errorCount" : 0,
    "errorPct" : 0.0,
    "meanResTime" : 334.00000000000006,
    "medianResTime" : 308.0,
    "minResTime" : 266.0,
    "maxResTime" : 591.0,
    "pct1ResTime" : 431.00000000000006,
    "pct2ResTime" : 470.00000000000006,
    "pct3ResTime" : 591.0,
    "throughput" : 0.6777149259935301,
    "receivedKBytesPerSec" : 136.35800799251803,
    "sentKBytesPerSec" : 0.3302536602253628
  },
  "Elektronik" : {
    "transaction" : "Elektronik",
    "sampleCount" : 75,
    "errorCount" : 0,
    "errorPct" : 0.0,
    "meanResTime" : 376.4266666666667,
    "medianResTime" : 338.0,
    "minResTime" : 315.0,
    "maxResTime" : 612.0,
    "pct1ResTime" : 466.20000000000005,
    "pct2ResTime" : 527.0,
    "pct3ResTime" : 612.0,
    "throughput" : 0.6735216200440034,
    "receivedKBytesPerSec" : 138.03078414754614,
    "sentKBytesPerSec" : 0.3308411864083337
  },
  "Oyun" : {
    "transaction" : "Oyun",
    "sampleCount" : 75,
    "errorCount" : 0,
    "errorPct" : 0.0,
    "meanResTime" : 319.4,
    "medianResTime" : 287.0,
    "minResTime" : 264.0,
    "maxResTime" : 515.0,
    "pct1ResTime" : 398.0,
    "pct2ResTime" : 406.00000000000006,
    "pct3ResTime" : 515.0,
    "throughput" : 0.6785058396735935,
    "receivedKBytesPerSec" : 121.87417307100789,
    "sentKBytesPerSec" : 0.32931386945095303
  },
  "Spor" : {
    "transaction" : "Spor",
    "sampleCount" : 75,
    "errorCount" : 0,
    "errorPct" : 0.0,
    "meanResTime" : 309.2666666666667,
    "medianResTime" : 289.0,
    "minResTime" : 261.0,
    "maxResTime" : 424.0,
    "pct1ResTime" : 365.0,
    "pct2ResTime" : 391.6,
    "pct3ResTime" : 424.0,
    "throughput" : 0.6793847491711505,
    "receivedKBytesPerSec" : 137.52131746573636,
    "sentKBytesPerSec" : 0.32974044954888854
  },
  "Sağlık" : {
    "transaction" : "Sağlık",
    "sampleCount" : 75,
    "errorCount" : 0,
    "errorPct" : 0.0,
    "meanResTime" : 345.15999999999985,
    "medianResTime" : 334.0,
    "minResTime" : 304.0,
    "maxResTime" : 489.0,
    "pct1ResTime" : 401.80000000000007,
    "pct2ResTime" : 453.20000000000005,
    "pct3ResTime" : 489.0,
    "throughput" : 0.6772804031172959,
    "receivedKBytesPerSec" : 137.9245824989615,
    "sentKBytesPerSec" : 0.33004191519094794
  },
  "Enerji" : {
    "transaction" : "Enerji",
    "sampleCount" : 75,
    "errorCount" : 0,
    "errorPct" : 0.0,
    "meanResTime" : 295.37333333333333,
    "medianResTime" : 286.0,
    "minResTime" : 265.0,
    "maxResTime" : 573.0,
    "pct1ResTime" : 336.8,
    "pct2ResTime" : 351.6,
    "pct3ResTime" : 573.0,
    "throughput" : 0.6736607624043401,
    "receivedKBytesPerSec" : 134.8490343774701,
    "sentKBytesPerSec" : 0.32827804730445875
  },
  "Dünya" : {
    "transaction" : "Dünya",
    "sampleCount" : 75,
    "errorCount" : 0,
    "errorPct" : 0.0,
    "meanResTime" : 345.8933333333334,
    "medianResTime" : 328.0,
    "minResTime" : 313.0,
    "maxResTime" : 433.0,
    "pct1ResTime" : 399.8,
    "pct2ResTime" : 424.2,
    "pct3ResTime" : 433.0,
    "throughput" : 0.6768953068592057,
    "receivedKBytesPerSec" : 138.0254576094314,
    "sentKBytesPerSec" : 0.3291932254061372
  },
  "Astronomi" : {
    "transaction" : "Astronomi",
    "sampleCount" : 75,
    "errorCount" : 0,
    "errorPct" : 0.0,
    "meanResTime" : 410.3733333333334,
    "medianResTime" : 434.0,
    "minResTime" : 273.0,
    "maxResTime" : 779.0,
    "pct1ResTime" : 552.2,
    "pct2ResTime" : 600.4000000000001,
    "pct3ResTime" : 779.0,
    "throughput" : 0.6715495782668649,
    "receivedKBytesPerSec" : 136.38553724246074,
    "sentKBytesPerSec" : 0.33052830805322253
  },
  "Anasayfa" : {
    "transaction" : "Anasayfa",
    "sampleCount" : 75,
    "errorCount" : 0,
    "errorPct" : 0.0,
    "meanResTime" : 635.6400000000001,
    "medianResTime" : 492.0,
    "minResTime" : 372.0,
    "maxResTime" : 2075.0,
    "pct1ResTime" : 1061.0000000000002,
    "pct2ResTime" : 1537.6000000000004,
    "pct3ResTime" : 2075.0,
    "throughput" : 0.6674557476839285,
    "receivedKBytesPerSec" : 299.0556683123159,
    "sentKBytesPerSec" : 0.32069162877001256
  },
  "Güvenlik" : {
    "transaction" : "Güvenlik",
    "sampleCount" : 75,
    "errorCount" : 0,
    "errorPct" : 0.0,
    "meanResTime" : 316.9333333333334,
    "medianResTime" : 284.0,
    "minResTime" : 261.0,
    "maxResTime" : 465.0,
    "pct1ResTime" : 408.0,
    "pct2ResTime" : 421.2,
    "pct3ResTime" : 465.0,
    "throughput" : 0.6756574146644685,
    "receivedKBytesPerSec" : 137.25790350260803,
    "sentKBytesPerSec" : 0.3305706686981433
  },
  "Uzay Havacılık" : {
    "transaction" : "Uzay Havacılık",
    "sampleCount" : 75,
    "errorCount" : 0,
    "errorPct" : 0.0,
    "meanResTime" : 316.8133333333335,
    "medianResTime" : 298.0,
    "minResTime" : 261.0,
    "maxResTime" : 430.0,
    "pct1ResTime" : 397.6,
    "pct2ResTime" : 408.8,
    "pct3ResTime" : 430.0,
    "throughput" : 0.6763764260269649,
    "receivedKBytesPerSec" : 137.36213546128872,
    "sentKBytesPerSec" : 0.33488559374577265
  },
  "Fizik" : {
    "transaction" : "Fizik",
    "sampleCount" : 75,
    "errorCount" : 0,
    "errorPct" : 0.0,
    "meanResTime" : 341.7333333333333,
    "medianResTime" : 324.0,
    "minResTime" : 262.0,
    "maxResTime" : 544.0,
    "pct1ResTime" : 426.80000000000007,
    "pct2ResTime" : 480.20000000000005,
    "pct3ResTime" : 544.0,
    "throughput" : 0.6721032350569047,
    "receivedKBytesPerSec" : 134.7039630287212,
    "sentKBytesPerSec" : 0.32817540774262927
  },
  "Savunma" : {
    "transaction" : "Savunma",
    "sampleCount" : 75,
    "errorCount" : 0,
    "errorPct" : 0.0,
    "meanResTime" : 340.16,
    "medianResTime" : 333.0,
    "minResTime" : 308.0,
    "maxResTime" : 397.0,
    "pct1ResTime" : 377.8,
    "pct2ResTime" : 392.4,
    "pct3ResTime" : 397.0,
    "throughput" : 0.6729112833763997,
    "receivedKBytesPerSec" : 138.54210300757697,
    "sentKBytesPerSec" : 0.32856996258613264
  },
  "Test" : {
    "transaction" : "Test",
    "sampleCount" : 150,
    "errorCount" : 0,
    "errorPct" : 0.0,
    "meanResTime" : 11573.866666666669,
    "medianResTime" : 10505.0,
    "minResTime" : 1963.0,
    "maxResTime" : 16370.0,
    "pct1ResTime" : 16007.1,
    "pct2ResTime" : 16154.9,
    "pct3ResTime" : 16356.23,
    "throughput" : 1.2591815320041972,
    "receivedKBytesPerSec" : 3572.112277019937,
    "sentKBytesPerSec" : 7.99162185204617
  },
  "Otomotiv" : {
    "transaction" : "Otomotiv",
    "sampleCount" : 75,
    "errorCount" : 0,
    "errorPct" : 0.0,
    "meanResTime" : 334.58666666666676,
    "medianResTime" : 331.0,
    "minResTime" : 311.0,
    "maxResTime" : 472.0,
    "pct1ResTime" : 354.4,
    "pct2ResTime" : 357.2,
    "pct3ResTime" : 472.0,
    "throughput" : 0.6732858143167496,
    "receivedKBytesPerSec" : 138.97149595411332,
    "sentKBytesPerSec" : 0.32941034469989405
  },
  "Yapay-Zeka" : {
    "transaction" : "Yapay-Zeka",
    "sampleCount" : 75,
    "errorCount" : 0,
    "errorPct" : 0.0,
    "meanResTime" : 362.10666666666674,
    "medianResTime" : 335.0,
    "minResTime" : 311.0,
    "maxResTime" : 498.0,
    "pct1ResTime" : 449.40000000000003,
    "pct2ResTime" : 472.8,
    "pct3ResTime" : 498.0,
    "throughput" : 0.6735458145863081,
    "receivedKBytesPerSec" : 137.23665235662455,
    "sentKBytesPerSec" : 0.3308530710321416
  },
  "https://2nhaber.com/hakkimizda/" : {
    "transaction" : "https://2nhaber.com/hakkimizda/",
    "sampleCount" : 75,
    "errorCount" : 0,
    "errorPct" : 0.0,
    "meanResTime" : 325.4266666666666,
    "medianResTime" : 285.0,
    "minResTime" : 253.0,
    "maxResTime" : 467.0,
    "pct1ResTime" : 406.4,
    "pct2ResTime" : 452.6,
    "pct3ResTime" : 467.0,
    "throughput" : 1.7244947230461476,
    "receivedKBytesPerSec" : 199.13791430985722,
    "sentKBytesPerSec" : 0.847090669621301
  },